{
    "counter": {
        "ACTIVE": 19139,
        "INACTIVE": 1861,
        "INVALID": 0,
        "MALICIOUS": 0,
        "SANE": 0,
        "VALID": 0,
        "total": 21000
    },
    "percentage": {
        "ACTIVE": 91.13809523809523,
        "INACTIVE": 8.866549144790127,
        "INVALID": 0,
        "MALICIOUS": 0,
        "SANE": 0,
        "VALID": 0,
        "total": 100.00464438288536
    }
}