{
    "counter": {
        "ACTIVE": 19615,
        "INACTIVE": 1385,
        "INVALID": 0,
        "MALICIOUS": 0,
        "SANE": 0,
        "VALID": 0,
        "total": 21000
    },
    "percentage": {
        "ACTIVE": 93.4047619047619,
        "INACTIVE": 6.598694554290343,
        "INVALID": 0,
        "MALICIOUS": 0,
        "SANE": 0,
        "VALID": 0,
        "total": 100.00345645905225
    }
}