{
    "counter": {
        "ACTIVE": 16888,
        "INACTIVE": 4112,
        "INVALID": 0,
        "MALICIOUS": 0,
        "SANE": 0,
        "VALID": 0,
        "total": 21000
    },
    "percentage": {
        "ACTIVE": 80.41904761904762,
        "INACTIVE": 19.580952380952382,
        "INVALID": 0.0,
        "MALICIOUS": 0.0,
        "SANE": 0.0,
        "VALID": 0.0,
        "total": 100.0
    }
}