{
    "counter": {
        "ACTIVE": 16629,
        "INACTIVE": 4371,
        "INVALID": 0,
        "MALICIOUS": 0,
        "SANE": 0,
        "VALID": 0,
        "total": 21000
    },
    "percentage": {
        "ACTIVE": 79.18571428571428,
        "INACTIVE": 20.814285714285713,
        "INVALID": 0.0,
        "MALICIOUS": 0.0,
        "SANE": 0.0,
        "VALID": 0.0,
        "total": 100.0
    }
}