{
    "counter": {
        "ACTIVE": 18925,
        "INACTIVE": 2075,
        "INVALID": 0,
        "MALICIOUS": 0,
        "SANE": 0,
        "VALID": 0,
        "total": 21000
    },
    "percentage": {
        "ACTIVE": 90.12333920662888,
        "INACTIVE": 9.880952380952381,
        "INVALID": 0,
        "MALICIOUS": 0,
        "SANE": 0,
        "VALID": 0,
        "total": 100.00429158758126
    }
}