{
    "counter": {
        "ACTIVE": 20016,
        "INACTIVE": 984,
        "INVALID": 0,
        "MALICIOUS": 0,
        "SANE": 0,
        "VALID": 0,
        "total": 21000
    },
    "percentage": {
        "ACTIVE": 95.31428571428572,
        "INACTIVE": 4.7022842397018065,
        "INVALID": 0,
        "MALICIOUS": 0,
        "SANE": 0,
        "VALID": 0,
        "total": 100.01656995398753
    }
}