{
    "counter": {
        "ACTIVE": 19393,
        "INACTIVE": 1607,
        "INVALID": 0,
        "MALICIOUS": 0,
        "SANE": 0,
        "VALID": 0,
        "total": 21000
    },
    "percentage": {
        "ACTIVE": 92.34761904761905,
        "INACTIVE": 7.656391443136881,
        "INVALID": 0,
        "MALICIOUS": 0,
        "SANE": 0,
        "VALID": 0,
        "total": 100.00401049075593
    }
}