{
    "counter": {
        "ACTIVE": 17235,
        "INACTIVE": 3765,
        "INVALID": 0,
        "MALICIOUS": 0,
        "SANE": 0,
        "VALID": 0,
        "total": 21000
    },
    "percentage": {
        "ACTIVE": 82.07142857142857,
        "INACTIVE": 17.936258396455624,
        "INVALID": 0,
        "MALICIOUS": 0,
        "SANE": 0,
        "VALID": 0,
        "total": 100.0076869678842
    }
}